y,y_lag,xreg
65.3348491954023,,0
73.7466865517241,65.3348491954023,1
58.0817306896552,73.7466865517241,2
72.0370482758621,58.0817306896552,3
73.6530535632184,72.0370482758621,4
72.9958526436782,73.6530535632184,5
57.2653057471264,72.9958526436782,6
73.9348381609196,57.2653057471264,7
88.9227470114943,73.9348381609196,8
46.5026917241379,88.9227470114943,9
37.7025763218391,46.5026917241379,10
60.2439871264368,37.7025763218391,11
41.5465102298851,60.2439871264368,12
39.7147032183908,41.5465102298851,13
75.8933789655173,39.7147032183908,14
73.8673642528736,75.8933789655173,15
71.7173426436782,73.8673642528736,16
88.7999447126437,71.7173426436782,17
89.0358577011494,88.7999447126437,18
58.5633079310345,89.0358577011494,19
55.1837549425288,58.5633079310345,20
70.2949128735632,55.1837549425288,21
65.9419744827586,70.2949128735632,22
49.0673964367816,65.9419744827586,23
94.7759544827586,49.0673964367816,24
87.2260865517242,94.7759544827586,25
70.0849541379311,87.2260865517242,26
98.6431596551724,70.0849541379311,27
90.8387970114943,98.6431596551724,28
85.6792706896552,90.8387970114943,29
86.4518910344828,85.6792706896552,30
81.5806571264368,86.4518910344828,31
106.697574482759,81.5806571264368,32
71.7810606896552,106.697574482759,33
65.7563870114943,71.7810606896552,34
74.6039354022989,65.7563870114943,35
64.5917956321839,74.6039354022989,36
81.2891213793104,64.5917956321839,37
103.237708390805,81.2891213793104,38
134.495905977011,103.237708390805,39
117.553885517241,134.495905977011,40
89.8649226436782,117.553885517241,41
113.037767241379,89.8649226436782,42
123.021684597701,113.037767241379,43
93.1848434482759,123.021684597701,44
144.258417701149,93.1848434482759,45
126.502778390805,144.258417701149,46
105.426156321839,126.502778390805,47
94.6464947126437,105.426156321839,48
76.3785335632184,94.6464947126437,49
104.497040229885,76.3785335632184,50
108.372463218391,104.497040229885,51
142.279808045977,108.372463218391,52
168.845395977012,142.279808045977,53
156.606037126437,168.845395977012,54
172.870676781609,156.606037126437,55
206.116710344828,172.870676781609,56
217.641879310345,206.116710344828,57
170.163952528736,217.641879310345,58
175.653407471264,170.163952528736,59
204.607488735632,175.653407471264,60
106.347965977012,204.607488735632,61
120.595904137931,106.347965977012,62
120.594723563218,120.595904137931,63
87.1492351724138,120.594723563218,64
98.1787456321839,87.1492351724138,65
123.105000574713,98.1787456321839,66
185.556374367816,123.105000574713,67
170.530258045977,185.556374367816,68
149.217060574713,170.530258045977,69
92.4526528735632,149.217060574713,70
91.9308117241379,92.4526528735632,71
71.1254005747126,91.9308117241379,72
41.9631422988506,71.1254005747126,73
112.848916206897,41.9631422988506,74
91.6474211494253,112.848916206897,75
78.0441227586207,91.6474211494253,76
57.8435224137931,78.0441227586207,77
59.329561954023,57.8435224137931,78
63.653181954023,59.329561954023,79
108.284727931035,63.653181954023,80
134.634234137931,108.284727931035,81
130.626821954023,134.634234137931,82
80.9132181609196,130.626821954023,83
67.947781954023,80.9132181609196,84
58.2720044827586,67.947781954023,85
92.473066091954,58.2720044827586,86
143.003297931035,92.473066091954,87
190.646665747126,143.003297931035,88
168.268784827586,190.646665747126,89
183.089545517241,168.268784827586,90
148.402103678161,183.089545517241,91
156.689502298851,148.402103678161,92
135.34329183908,156.689502298851,93
124.380360344828,135.34329183908,94
143.618736206897,124.380360344828,95
155.842329425287,143.618736206897,96
135.268809885057,155.842329425287,97
97.0475593103448,135.268809885057,98
115.169504367816,97.0475593103448,99
81.8836808045977,115.169504367816,100
158.816764137931,81.8836808045977,101
214.342917701149,158.816764137931,102
211.556876551724,214.342917701149,103
125.176476666667,211.556876551724,104
149.52388091954,125.176476666667,105
189.954443908046,149.52388091954,106
146.511911149425,189.954443908046,107
136.449970804598,146.511911149425,108
156.781977471264,136.449970804598,109
126.724175747126,156.781977471264,110
169.362331494253,126.724175747126,111
125.995197816092,169.362331494253,112
112.181635402299,125.995197816092,113
129.317975632184,112.181635402299,114
164.114438735632,129.317975632184,115
164.368837356322,164.114438735632,116
128.975308390805,164.368837356322,117
129.368857701149,128.975308390805,118
119.936043103448,129.368857701149,119
122.360080689655,119.936043103448,120
144.339606206897,122.360080689655,121
190.987077241379,144.339606206897,122
209.737668390805,190.987077241379,123
133.298503793103,209.737668390805,124
95.5769132183908,133.298503793103,125
134.378890804598,95.5769132183908,126
123.645588735632,134.378890804598,127
137.485543218391,123.645588735632,128
126.384152758621,137.485543218391,129
170.976756321839,126.384152758621,130
157.000415057471,170.976756321839,131
117.395346896552,157.000415057471,132
126.355186436782,117.395346896552,133
131.415662068966,126.355186436782,134
124.267471954023,131.415662068966,135
154.485100229885,124.267471954023,136
199.031162068966,154.485100229885,137
100.108748390805,199.031162068966,138
120.443004827586,100.108748390805,139
107.939399655172,120.443004827586,140
133.344320114943,107.939399655172,141
118.490554942529,133.344320114943,142
155.582945747126,118.490554942529,143
173.222781494253,155.582945747126,144
92.7616874712644,173.222781494253,145
66.664963908046,92.7616874712644,146
71.3858517241379,66.664963908046,147
89.8755222988506,71.3858517241379,148
82.8080451724138,89.8755222988506,149
138.172125172414,82.8080451724138,150
157.256702873563,138.172125172414,151
170.450909310345,157.256702873563,152
95.0304375862069,170.450909310345,153
95.8248913793103,95.0304375862069,154
116.135481954023,95.8248913793103,155
94.5343198850575,116.135481954023,156
145.455872988506,94.5343198850575,157
192.031035172414,145.455872988506,158
117.463091264368,192.031035172414,159
83.1768414942529,117.463091264368,160
74.3856624137931,83.1768414942529,161
77.491668045977,74.3856624137931,162
80.8520398850575,77.491668045977,163
149.719381954023,80.8520398850575,164
166.512137126437,149.719381954023,165
98.2195040229885,166.512137126437,166
138.090263103448,98.2195040229885,167
174.564963678161,138.090263103448,168
102.604439655172,174.564963678161,169
49.8348373563218,102.604439655172,170
99.2195820689655,49.8348373563218,171
138.133475862069,99.2195820689655,172
74.4958834482759,138.133475862069,173
67.4955716091954,74.4958834482759,174
84.6364868965517,67.4955716091954,175
97.3315764367816,84.6364868965517,176
121.639798965517,97.3315764367816,177
151.381045517241,121.639798965517,178
111.669548505747,151.381045517241,179
89.1058025287356,111.669548505747,180
77.090656091954,89.1058025287356,181
87.3831002298851,77.090656091954,182
85.3638765517242,87.3831002298851,183
122.787639425287,85.3638765517242,184
123.559851264368,122.787639425287,185
138.923675402299,123.559851264368,186
79.7264557471264,138.923675402299,187
58.787707816092,79.7264557471264,188
72.4673554022989,58.787707816092,189
83.1181747126437,72.4673554022989,190
98.6760613793103,83.1181747126437,191
89.9637467816092,98.6760613793103,192
95.1054598850575,89.9637467816092,193
94.7748514942529,95.1054598850575,194
126.53767862069,94.7748514942529,195
177.18867137931,126.53767862069,196
161.630891149425,177.18867137931,197
118.123993678161,161.630891149425,198
82.1122031034483,118.123993678161,199
116.870704367816,82.1122031034483,200
102.411194137931,116.870704367816,201
124.647868275862,102.411194137931,202
130.121929195402,124.647868275862,203
114.786730804598,130.121929195402,204
75.0477132183908,114.786730804598,205
89.0553934482759,75.0477132183908,206
112.667618275862,89.0553934482759,207
1107.93485528736,112.667618275862,208
2757.45725344828,1107.93485528736,209
2271.30126321839,2757.45725344828,210
935.059725747126,2271.30126321839,211
627.792506091954,935.059725747126,212
287.99289862069,627.792506091954,213
236.947119770115,287.99289862069,214
379.366835862069,236.947119770115,215
291.059854252874,379.366835862069,216
262.553708390805,291.059854252874,217
137.896614482759,262.553708390805,218
90.8056949425288,137.896614482759,219
118.009147816092,90.8056949425288,220
148.514318275862,118.009147816092,221
526.274658275862,148.514318275862,222
1110.49372517241,526.274658275862,223
758.644195632184,1110.49372517241,224
842.922595287356,758.644195632184,225
398.375231954023,842.922595287356,226
192.476865977012,398.375231954023,227
130.075868965517,192.476865977012,228
175.435917701149,130.075868965517,229
217.282140114943,175.435917701149,230
139.168201494253,217.282140114943,231
120.781217356322,139.168201494253,232
122.854661149425,120.781217356322,233
124.460411034483,122.854661149425,234
173.70552816092,124.460411034483,235
166.65227954023,173.70552816092,236
111.090924827586,166.65227954023,237
97.9880235632184,111.090924827586,238
49.2803491954023,97.9880235632184,239
63.0118047126437,49.2803491954023,240
83.5333232183908,63.0118047126437,241
88.5592667816092,83.5333232183908,242
72.5610090804598,88.5592667816092,243
70.9281025287357,72.5610090804598,244
55.5089735632184,70.9281025287357,245
57.7902049425288,55.5089735632184,246
60.9148402298851,57.7902049425288,247
75.928963908046,60.9148402298851,248
93.9169740229885,75.928963908046,249
85.2631732183908,93.9169740229885,250
108.598869770115,85.2631732183908,251
91.9779785057471,108.598869770115,252
97.1238765517242,91.9779785057471,253
117.439834712644,97.1238765517242,254
83.0212637931035,117.439834712644,255
103.467427471264,83.0212637931035,256
69.0726172413793,103.467427471264,257
55.0531975862069,69.0726172413793,258
45.4012914942529,55.0531975862069,259
49.5819596551724,45.4012914942529,260
22.9494322988506,49.5819596551724,261
58.8485581609196,22.9494322988506,262
54.1119266666667,58.8485581609196,263
41.4603996551724,54.1119266666667,264
41.9002193103448,41.4603996551724,265
91.788083908046,41.9002193103448,266
111.857142873563,91.788083908046,267
95.0019345977012,111.857142873563,268
90.0451256321839,95.0019345977012,269
94.3937959770115,90.0451256321839,270
87.6930603448276,94.3937959770115,271
114.767970689655,87.6930603448276,272
134.728693333333,114.767970689655,273
115.579774482759,134.728693333333,274
64.6602388505747,115.579774482759,275
72.4050952873563,64.6602388505747,276
69.4359687356322,72.4050952873563,277
111.32004,69.4359687356322,278
93.5005490804598,111.32004,279
88.1486432183908,93.5005490804598,280
84.7823557471265,88.1486432183908,281
63.9669583908046,84.7823557471265,282
24.8692974712644,63.9669583908046,283
41.0247396551724,24.8692974712644,284
83.0994875862069,41.0247396551724,285
52.165483908046,83.0994875862069,286
64.4113533333334,52.165483908046,287
75.0137150574713,64.4113533333334,288
74.0758554022989,75.0137150574713,289
38.2372086206897,74.0758554022989,290
67.9559255172414,38.2372086206897,291
115.157727931035,67.9559255172414,292
102.613916781609,115.157727931035,293
126.555205172414,102.613916781609,294
117.000091724138,126.555205172414,295
107.751692988506,117.000091724138,296
83.9984147126437,107.751692988506,297
73.4699182758621,83.9984147126437,298
105.375128850575,73.4699182758621,299
106.419613908046,105.375128850575,300
129.640989310345,106.419613908046,301
143.461312643678,129.640989310345,302
147.487854137931,143.461312643678,303
105.941683563218,147.487854137931,304
76.2569606896552,105.941683563218,305
125.777977126437,76.2569606896552,306
130.923766091954,125.777977126437,307
104.808577471264,130.923766091954,308
134.779753563218,104.808577471264,309
111.01769908046,134.779753563218,310
128.491866666667,111.01769908046,311
93.1978340229885,128.491866666667,312
131.640562298851,93.1978340229885,313
153.061331494253,131.640562298851,314
104.010580689655,153.061331494253,315
139.213352643678,104.010580689655,316
152.174579195402,139.213352643678,317
122.719351954023,152.174579195402,318
151.373994137931,122.719351954023,319
148.137676436782,151.373994137931,320
153.128046666667,148.137676436782,321
140.331849885058,153.128046666667,322
140.300505402299,140.331849885058,323
136.018327816092,140.300505402299,324
135.787032643678,136.018327816092,325
142.001161724138,135.787032643678,326
155.386769655172,142.001161724138,327
148.424874712644,155.386769655172,328
99.7742098850575,148.424874712644,329
58.2414574712644,99.7742098850575,330
78.9066147126437,58.2414574712644,331
76.1484794252874,78.9066147126437,332
114.195338275862,76.1484794252874,333
140.563067931034,114.195338275862,334
94.0288514942529,140.563067931034,335
92.8598124137931,94.0288514942529,336
56.1182316091954,92.8598124137931,337
65.4896428735632,56.1182316091954,338
131.863296436782,65.4896428735632,339
225.164264712644,131.863296436782,340
407.613598045977,225.164264712644,341
248.515517586207,407.613598045977,342
172.025649885058,248.515517586207,343
150.994658045977,172.025649885058,344
187.710784712644,150.994658045977,345
132.191012988506,187.710784712644,346
115.349400344828,132.191012988506,347
147.114707241379,115.349400344828,348
133.669926321839,147.114707241379,349
131.748791609195,133.669926321839,350
98.6642705747126,131.748791609195,351
91.181,98.6642705747126,352
83.3028705747127,91.181,353
89.8979508045977,83.3028705747127,354
89.3072496551724,89.8979508045977,355
75.8821263218391,89.3072496551724,356
78.0011870114943,75.8821263218391,357
91.1787434482759,78.0011870114943,358
38.6758605747127,91.1787434482759,359
64.9046804597701,38.6758605747127,360
66.2998148275862,64.9046804597701,361
42.0132967816092,66.2998148275862,362
78.6436272413793,42.0132967816092,363
55.7035116091954,78.6436272413793,364
91.3975529885058,55.7035116091954,365
114.536855402299,91.3975529885058,366
105.853952413793,114.536855402299,367
110.349353908046,105.853952413793,368
61.768648045977,110.349353908046,369
137.870379310345,61.768648045977,370
113.061590229885,137.870379310345,371
116.133252413793,113.061590229885,372
96.2507042528736,116.133252413793,373
25.0906314942529,96.2507042528736,374
55.3065105747127,25.0906314942529,375
116.018532183908,55.3065105747127,376
108.083016781609,116.018532183908,377
87.6551649425288,108.083016781609,378
87.3035834482759,87.6551649425288,379
63.1817856321839,87.3035834482759,380
31.8137920689655,63.1817856321839,381
61.9396906896552,31.8137920689655,382
76.9555575862069,61.9396906896552,383
82.9315104597701,76.9555575862069,384
93.5560591954023,82.9315104597701,385
73.4361828735633,93.5560591954023,386
93.051921954023,73.4361828735633,387
105.350174137931,93.051921954023,388
57.8429201149425,105.350174137931,389
77.5903065517242,57.8429201149425,390
121.169541609195,77.5903065517242,391
115.314148735632,121.169541609195,392
92.7827035632184,115.314148735632,393
102.629574252874,92.7827035632184,394
89.2860843678161,102.629574252874,395
112.476180574713,89.2860843678161,396
67.9738187356322,112.476180574713,397
59.3914201149426,67.9738187356322,398
78.4654932183908,59.3914201149426,399
54.3651501149425,78.4654932183908,400
50.9966905747127,54.3651501149425,401
29.4376555172414,50.9966905747127,402
69.08996,29.4376555172414,403
95.4255963218391,69.08996,404
138.339152873563,95.4255963218391,405
233.994002413793,138.339152873563,406
381.20185,233.994002413793,407
285.077380229885,381.20185,408
285.931231149425,285.077380229885,409
239.393307586207,285.931231149425,410
443.584518505747,239.393307586207,411
186.707127586207,443.584518505747,412
94.7355521839081,186.707127586207,413
132.102685172414,94.7355521839081,414
122.234424482759,132.102685172414,415
107.152934137931,122.234424482759,416
221.371950114943,107.152934137931,417
359.767424942529,221.371950114943,418
359.974255977012,359.767424942529,419
261.205027816092,359.974255977012,420
220.081739310345,261.205027816092,421
182.359927011494,220.081739310345,422
179.690566321839,182.359927011494,423
200.004848275862,179.690566321839,424
186.125792068966,200.004848275862,425
120.11784045977,186.125792068966,426
111.199284367816,120.11784045977,427
104.023665402299,111.199284367816,428
106.264285402299,104.023665402299,429
140.819017586207,106.264285402299,430
155.793481149425,140.819017586207,431
208.182728045977,155.793481149425,432
171.140410689655,208.182728045977,433
107.927065862069,171.140410689655,434
123.164083448276,107.927065862069,435
141.106758735632,123.164083448276,436
217.020916091954,141.106758735632,437
198.206989655172,217.020916091954,438
189.346036091954,198.206989655172,439
220.661734597701,189.346036091954,440
237.902701724138,220.661734597701,441
200.630427471264,237.902701724138,442
191.50185954023,200.630427471264,443
208.399904712644,191.50185954023,444
223.916606666667,208.399904712644,445
160.794092528736,223.916606666667,446
94.3710002298851,160.794092528736,447
87.2040529885058,94.3710002298851,448
172.861723333333,87.2040529885058,449
167.115337011494,172.861723333333,450
175.525734482759,167.115337011494,451
240.392972183908,175.525734482759,452
175.765575747126,240.392972183908,453
161.842566321839,175.765575747126,454
156.045816666667,161.842566321839,455
201.989154942529,156.045816666667,456
175.891974252874,201.989154942529,457
193.35596045977,175.891974252874,458
196.056913678161,193.35596045977,459
135.802335287356,196.056913678161,460
162.755376091954,135.802335287356,461
103.94497091954,162.755376091954,462
85.783818045977,103.94497091954,463
102.053554367816,85.783818045977,464
180.957537011494,102.053554367816,465
193.566204712644,180.957537011494,466
149.433482643678,193.566204712644,467
193.998734712644,149.433482643678,468
201.545876781609,193.998734712644,469
148.941514252874,201.545876781609,470
176.444001954023,148.941514252874,471
172.474725172414,176.444001954023,472
201.359647356322,172.474725172414,473
171.39775091954,201.359647356322,474
169.064263678161,171.39775091954,475
166.897659195402,169.064263678161,476
172.683632298851,166.897659195402,477
103.148594482759,172.683632298851,478
142.241684252874,103.148594482759,479
161.52546908046,142.241684252874,480
145.429937356322,161.52546908046,481
141.732865632184,145.429937356322,482
117.964467356322,141.732865632184,483
141.440714712644,117.964467356322,484
148.851664597701,141.440714712644,485
147.384879885057,148.851664597701,486
186.457713678161,147.384879885057,487
99.8777781609196,186.457713678161,488
166.878246436782,99.8777781609196,489
125.755762183908,166.878246436782,490
113.728409310345,125.755762183908,491
102.298985057471,113.728409310345,492
152.03892,102.298985057471,493
171.475037011494,152.03892,494
100.344607586207,171.475037011494,495
132.599804252874,100.344607586207,496
101.780318275862,132.599804252874,497
92.5222625287356,101.780318275862,498
77.0329121839081,92.5222625287356,499
109.904107931034,77.0329121839081,500
141.245332068966,109.904107931034,501
130.621984827586,141.245332068966,502
138.683042873563,130.621984827586,503
112.024081609195,138.683042873563,504
135.346814712644,112.024081609195,505
157.382089770115,135.346814712644,506
131.371758965517,157.382089770115,507
152.543256666667,131.371758965517,508
158.26067908046,152.543256666667,509
146.004047931034,158.26067908046,510
134.187516091954,146.004047931034,511
126.934134482759,134.187516091954,512
106.115388275862,126.934134482759,513
110.469085862069,106.115388275862,514
100.20870954023,110.469085862069,515
142.829544022989,100.20870954023,516
94.5963047126437,142.829544022989,517
116.515901149425,94.5963047126437,518
118.283179195402,116.515901149425,519
113.482256781609,118.283179195402,520
134.031926321839,113.482256781609,521
137.726863448276,134.031926321839,522
124.372456896552,137.726863448276,523
124.227845632184,124.372456896552,524
113.985394022989,124.227845632184,525
102.095922758621,113.985394022989,526
101.644470114943,102.095922758621,527
135.44803,101.644470114943,528
169.711336206897,135.44803,529
145.397346781609,169.711336206897,530
166.61316954023,145.397346781609,531
238.477321609195,166.61316954023,532
84.44288,238.477321609195,533
83.3818934482759,84.44288,534
106.631377586207,83.3818934482759,535
127.62027862069,106.631377586207,536
69.2854196551724,127.62027862069,537
67.7172271264368,69.2854196551724,538
60.721188045977,67.7172271264368,539
83.990417816092,60.721188045977,540
55.597551954023,83.990417816092,541
99.6107547126437,55.597551954023,542
120.302250689655,99.6107547126437,543
65.8230833333334,120.302250689655,544
47.4767426436782,65.8230833333334,545
67.2284445977012,47.4767426436782,546
60.8613114942529,67.2284445977012,547
58.2798611494253,60.8613114942529,548
47.6340127586207,58.2798611494253,549
94.1041135632184,47.6340127586207,550
78.0908818390805,94.1041135632184,551
73.0523859770115,78.0908818390805,552
52.1408985057471,73.0523859770115,553
88.3900968965517,52.1408985057471,554
58.9079145977012,88.3900968965517,555
79.9987906896552,58.9079145977012,556
99.9465457471264,79.9987906896552,557
59.8222983908046,99.9465457471264,558
77.4643990804598,59.8222983908046,559
63.6634040229885,77.4643990804598,560
80.8434568965517,63.6634040229885,561
110.898728850575,80.8434568965517,562
126.104635287356,110.898728850575,563
108.05329137931,126.104635287356,564
95.6653483908046,108.05329137931,565
76.8615924137931,95.6653483908046,566
87.4383027586207,76.8615924137931,567
64.9449174712644,87.4383027586207,568
61.6076329885058,64.9449174712644,569
83.7838805747127,61.6076329885058,570
103.001743793103,83.7838805747127,571
126.228981264368,103.001743793103,572
217.08457816092,126.228981264368,573
236.911642643678,217.08457816092,574
170.485750574713,236.911642643678,575
109.298785057471,170.485750574713,576
106.455695057471,109.298785057471,577
107.576441034483,106.455695057471,578
72.8462667816092,107.576441034483,579
79.4814565517242,72.8462667816092,580
85.6923409195403,79.4814565517242,581
60.1365411494253,85.6923409195403,582
78.2235102298851,60.1365411494253,583
82.5074831034483,78.2235102298851,584
109.342254367816,82.5074831034483,585
144.090412988506,109.342254367816,586
111.637390574713,144.090412988506,587
59.7076171264368,111.637390574713,588
51.3267040229885,59.7076171264368,589
52.2308704597701,51.3267040229885,590
86.1669224137931,52.2308704597701,591
94.7648835632184,86.1669224137931,592
73.8725309195402,94.7648835632184,593
98.0285075862069,73.8725309195402,594
204.186714942529,98.0285075862069,595
201.464972873563,204.186714942529,596
96.3300166666667,201.464972873563,597
73.3860301149425,96.3300166666667,598
82.3938748275862,73.3860301149425,599
76.1834249425288,82.3938748275862,600
80.9604496551724,76.1834249425288,601
95.2291957471264,80.9604496551724,602
93.788712183908,95.2291957471264,603
74.3572733333333,93.788712183908,604
92.3468493103448,74.3572733333333,605
102.717854827586,92.3468493103448,606
131.43759816092,102.717854827586,607
175.233777356322,131.43759816092,608
127.930274367816,175.233777356322,609
90.0525188505747,127.930274367816,610
78.9438529885058,90.0525188505747,611
94.2491421839081,78.9438529885058,612
100.388651264368,94.2491421839081,613
93.3028344827586,100.388651264368,614
108.543811724138,93.3028344827586,615
112.774151264368,108.543811724138,616
136.550614252874,112.774151264368,617
99.1538543678161,136.550614252874,618
53.3803129885058,99.1538543678161,619
115.255340114943,53.3803129885058,620
73.2112203448276,115.255340114943,621
63.7124493103448,73.2112203448276,622
87.5283486206897,63.7124493103448,623
151.285941609195,87.5283486206897,624
180.107494022989,151.285941609195,625
108.467274022989,180.107494022989,626
64.7143324137931,108.467274022989,627
34.1257903448276,64.7143324137931,628
64.6784901149426,34.1257903448276,629
67.1329189655172,64.6784901149426,630
52.7293775862069,67.1329189655172,631
58.5705650574713,52.7293775862069,632
103.243340804598,58.5705650574713,633
109.188568965517,103.243340804598,634
109.583780804598,109.188568965517,635
300.023240574713,109.583780804598,636
346.406833333333,300.023240574713,637
69.3068320689655,346.406833333333,638
49.3732714942529,69.3068320689655,639
76.5438818390805,49.3732714942529,640
114.112789770115,76.5438818390805,641
50.5752956321839,114.112789770115,642
54.5128216091954,50.5752956321839,643
74.8214502298851,54.5128216091954,644
57.869776091954,74.8214502298851,645
56.0970909195402,57.869776091954,646
77.1335804597701,56.0970909195402,647
102.852436781609,77.1335804597701,648
127.040665057471,102.852436781609,649
97.4924026436782,127.040665057471,650
83.5813641379311,97.4924026436782,651
97.1496779310345,83.5813641379311,652
70.1047150574713,97.1496779310345,653
109.776982988506,70.1047150574713,654
108.251586206897,109.776982988506,655
123.822027931035,108.251586206897,656
149.805473793103,123.822027931035,657
111.685143678161,149.805473793103,658
89.8575785057471,111.685143678161,659
64.2255717241379,89.8575785057471,660
119.241707586207,64.2255717241379,661
154.587601724138,119.241707586207,662
222.713205287356,154.587601724138,663
336.100062988506,222.713205287356,664
160.219717126437,336.100062988506,665
202.188928505747,160.219717126437,666
122.826076551724,202.188928505747,667
46.9801310344828,122.826076551724,668
74.4500470114943,46.9801310344828,669
75.8813855172414,74.4500470114943,670
83.5792572413793,75.8813855172414,671
75.7266266666667,83.5792572413793,672
97.6306386206897,75.7266266666667,673
84.6574414942529,97.6306386206897,674
99.220438045977,84.6574414942529,675
126.394772413793,99.220438045977,676
160.877246896552,126.394772413793,677
240.169870114943,160.877246896552,678
174.592392068966,240.169870114943,679
195.831977126437,174.592392068966,680
142.898378735632,195.831977126437,681
121.227054827586,142.898378735632,682
108.162988390805,121.227054827586,683
157.099637701149,108.162988390805,684
168.727713448276,157.099637701149,685
80.6865934482759,168.727713448276,686
94.1279422988506,80.6865934482759,687
93.5488820689655,94.1279422988506,688
85.4352191954023,93.5488820689655,689
125.643086091954,85.4352191954023,690
139.472328390805,125.643086091954,691
75.7859993103448,139.472328390805,692
74.1155396551724,75.7859993103448,693
118.565373908046,74.1155396551724,694
126.419724827586,118.565373908046,695
111.434984712644,126.419724827586,696
109.679560344828,111.434984712644,697
102.583948390805,109.679560344828,698
95.1832448275862,102.583948390805,699
64.2103232183908,95.1832448275862,700
17.6100814942529,64.2103232183908,701
84.2962691954023,17.6100814942529,702
28.6489425287357,84.2962691954023,703
45.9053927586207,28.6489425287357,704
78.7246051724138,45.9053927586207,705
73.9339144827586,78.7246051724138,706
67.6657713793104,73.9339144827586,707
79.9644185057471,67.6657713793104,708
61.0593332183908,79.9644185057471,709
44.7702113793104,61.0593332183908,710
44.6600545977012,44.7702113793104,711
76.970229770115,44.6600545977012,712
67.6135314942529,76.970229770115,713
87.7632167816092,67.6135314942529,714
53.4965416091954,87.7632167816092,715
55.0392362068966,53.4965416091954,716
26.3126083908046,55.0392362068966,717
84.6985503448276,26.3126083908046,718
113.384617471264,84.6985503448276,719
85.2467350574713,113.384617471264,720
81.2220073563219,85.2467350574713,721
91.533994137931,81.2220073563219,722
74.2458675862069,91.533994137931,723
34.5709240229885,74.2458675862069,724
53.7013614942529,34.5709240229885,725
72.3478051724138,53.7013614942529,726
33.1883981609196,72.3478051724138,727
23.1695785057471,33.1883981609196,728
74.0361471264368,23.1695785057471,729
71.981611954023,74.0361471264368,730
68.23546,71.981611954023,731
65.3625113793104,68.23546,732
66.2783074712644,65.3625113793104,733
59.3206085057472,66.2783074712644,734
64.7088562068966,59.3206085057472,735
60.4065463218391,64.7088562068966,736
48.3655047126437,60.4065463218391,737
63.1744088505747,48.3655047126437,738
66.5639349425288,63.1744088505747,739
90.762347816092,66.5639349425288,740
26.2573221839081,90.762347816092,741
27.402647816092,26.2573221839081,742
46.4096444827586,27.402647816092,743
58.5329328735632,46.4096444827586,744
78.4523042528736,58.5329328735632,745
44.9599098850575,78.4523042528736,746
79.541858045977,44.9599098850575,747
76.5924257471264,79.541858045977,748
90.4630342528736,76.5924257471264,749
57.7592232183908,90.4630342528736,750
65.8410095402299,57.7592232183908,751
62.0108168965517,65.8410095402299,752
57.4362820689655,62.0108168965517,753
35.306985862069,57.4362820689655,754
35.9050320689655,35.306985862069,755
72.8778927586207,35.9050320689655,756
47.0974177011494,72.8778927586207,757
57.4032110344828,47.0974177011494,758
63.0702943678161,57.4032110344828,759
82.6794398850575,63.0702943678161,760
75.4452649425287,82.6794398850575,761
55.5968248275862,75.4452649425287,762
74.6941970114943,55.5968248275862,763
61.1651554022989,74.6941970114943,764
66.3210841379311,61.1651554022989,765
100.812479425287,66.3210841379311,766
115.867205402299,100.812479425287,767
82.0112091954023,115.867205402299,768
107.049999425287,82.0112091954023,769
77.5838659770115,107.049999425287,770
74.1961628735632,77.5838659770115,771
68.2379316091954,74.1961628735632,772
114.797447356322,68.2379316091954,773
120.452333563218,114.797447356322,774
80.8449133333334,120.452333563218,775
82.9628143678161,80.8449133333334,776
75.3071593103449,82.9628143678161,777
63.862101724138,75.3071593103449,778
75.647579770115,63.862101724138,779
91.0112859770115,75.647579770115,780
123.30434045977,91.0112859770115,781
87.3780404597701,123.30434045977,782
70.1020381609196,87.3780404597701,783
85.0131914942529,70.1020381609196,784
79.1903454022989,85.0131914942529,785
64.6793708045977,79.1903454022989,786
49.5516337931035,64.6793708045977,787
129.012740229885,49.5516337931035,788
98.5728988505747,129.012740229885,789
81.9625585057471,98.5728988505747,790
81.9935757471265,81.9625585057471,791
74.0428787356322,81.9935757471265,792
49.0470698850575,74.0428787356322,793
123.346861609195,49.0470698850575,794
127.893626206897,123.346861609195,795
98.2247459770115,127.893626206897,796
98.1725873563219,98.2247459770115,797
89.3273168965517,98.1725873563219,798
63.5858968965517,89.3273168965517,799
44.0433016091954,63.5858968965517,800
42.4229351724138,44.0433016091954,801
96.9605747126437,42.4229351724138,802
70.5199134482759,96.9605747126437,803
56.7047133333334,70.5199134482759,804
64.1179720689655,56.7047133333334,805
73.1933766666667,64.1179720689655,806
77.5999291954023,73.1933766666667,807
89.2280901149425,77.5999291954023,808
108.290936666667,89.2280901149425,809
83.3736236781609,108.290936666667,810
89.2512832183908,83.3736236781609,811
61.7899864367816,89.2512832183908,812
51.0311156321839,61.7899864367816,813
47.2350318390805,51.0311156321839,814
83.5231675862069,47.2350318390805,815
58.7331672413793,83.5231675862069,816
48.3988655172414,58.7331672413793,817
51.7515610344828,48.3988655172414,818
47.0799531034483,51.7515610344828,819
63.016727816092,47.0799531034483,820
96.2635563218391,63.016727816092,821
45.9611903448276,96.2635563218391,822
61.7128647126437,45.9611903448276,823
49.2987731034483,61.7128647126437,824
19.977683908046,49.2987731034483,825
29.5300110344828,19.977683908046,826
29.3057744827586,29.5300110344828,827
20.2301925287356,29.3057744827586,828
20.4292117241379,20.2301925287356,829
27.657733908046,20.4292117241379,830
29.9110481609196,27.657733908046,831
47.6378633333333,29.9110481609196,832
30.2276532183908,47.6378633333333,833
25.1952263218391,30.2276532183908,834
49.897196091954,25.1952263218391,835
70.6911265517242,49.897196091954,836
53.9121028735632,70.6911265517242,837
42.3044666666667,53.9121028735632,838
77.7209424137931,42.3044666666667,839
37.735087816092,77.7209424137931,840
53.1371291954023,37.735087816092,841
39.0250604597701,53.1371291954023,842
82.3927465517241,39.0250604597701,843
89.0380337931035,82.3927465517241,844
35.6622193103448,89.0380337931035,845
35.1072628735632,35.6622193103448,846
45.4501206896552,35.1072628735632,847
65.9569985057471,45.4501206896552,848
56.6159928735632,65.9569985057471,849
45.7783913793104,56.6159928735632,850
99.4808371264368,45.7783913793104,851
73.6995604597701,99.4808371264368,852
71.4673141379311,73.6995604597701,853
51.3023508045977,71.4673141379311,854
77.348645862069,51.3023508045977,855
71.8146514942529,77.348645862069,856
91.8543812643678,71.8146514942529,857
105.15418091954,91.8543812643678,858
77.6209496551724,105.15418091954,859
82.9789193103448,77.6209496551724,860
101.507960804598,82.9789193103448,861
105.716527586207,101.507960804598,862
92.5224637931035,105.716527586207,863
98.8714573563218,92.5224637931035,864
118.77603137931,98.8714573563218,865
80.8232049425287,118.77603137931,866
95.6003456321839,80.8232049425287,867
60.619521954023,95.6003456321839,868
98.3653681609196,60.619521954023,869
74.5923501149425,98.3653681609196,870
106.749075517241,74.5923501149425,871
114.771630229885,106.749075517241,872
41.9922590804598,114.771630229885,873
94.165455862069,41.9922590804598,874
100.165497241379,94.165455862069,875
97.6658086206897,100.165497241379,876
103.013820574713,97.6658086206897,877
115.545172643678,103.013820574713,878
131.515618735632,115.545172643678,879
177.135040689655,131.515618735632,880
153.29677137931,177.135040689655,881
158.808862643678,153.29677137931,882
221.814809310345,158.808862643678,883
90.7977491954023,221.814809310345,884
105.228105057471,90.7977491954023,885
105.963651264368,105.228105057471,886
64.3005813793104,105.963651264368,887
184.191483103448,64.3005813793104,888
294.395443793103,184.191483103448,889
142.37426954023,294.395443793103,890
53.5212613793104,142.37426954023,891
124.326328390805,53.5212613793104,892
166.761615747126,124.326328390805,893
147.464866781609,166.761615747126,894
102.946998505747,147.464866781609,895
116.49460137931,102.946998505747,896
101.713454022989,116.49460137931,897
66.5139265517242,101.713454022989,898
120.07570091954,66.5139265517242,899
126.29647862069,120.07570091954,900
74.4891865517242,126.29647862069,901
84.5157054022989,74.4891865517242,902
95.5984631034483,84.5157054022989,903
81.432928045977,95.5984631034483,904
61.3747791954023,81.432928045977,905
92.4613525287356,61.3747791954023,906
127.973638735632,92.4613525287356,907
108.893165517241,127.973638735632,908
100.739950344828,108.893165517241,909
65.3983459770115,100.739950344828,910
66.8093945977012,65.3983459770115,911
68.8081782758621,66.8093945977012,912
74.4343782758621,68.8081782758621,913
122.51297,74.4343782758621,914
63.7263695402299,122.51297,915
51.8341342528736,63.7263695402299,916
50.5645229885058,51.8341342528736,917
54.1269718390805,50.5645229885058,918
81.8864814942529,54.1269718390805,919
81.3143705747127,81.8864814942529,920
113.720357931035,81.3143705747127,921
43.1124898850575,113.720357931035,922
64.3574424137931,43.1124898850575,923
81.398353908046,64.3574424137931,924
96.2988855172414,81.398353908046,925
112.009619310345,96.2988855172414,926
121.322585632184,112.009619310345,927
157.909539770115,121.322585632184,928
115.876468505747,157.909539770115,929
100.370000574713,115.876468505747,930
101.396010114943,100.370000574713,931
93.1615310344828,101.396010114943,932
71.1370040229885,93.1615310344828,933
100.638916321839,71.1370040229885,934
111.071785747126,100.638916321839,935
97.7150313793103,111.071785747126,936
86.3409391954023,97.7150313793103,937
61.1388251724138,86.3409391954023,938
60.5192574712644,61.1388251724138,939
58.3407081609196,60.5192574712644,940
88.9225770114943,58.3407081609196,941
101.165025057471,88.9225770114943,942
124.940459195402,101.165025057471,943
126.725108045977,124.940459195402,944
196.899543333333,126.725108045977,945
150.388686781609,196.899543333333,946
166.090007701149,150.388686781609,947
144.941254252874,166.090007701149,948
109.390391954023,144.941254252874,949
110.534970344828,109.390391954023,950
66.8738483908046,110.534970344828,951
60.6420173563219,66.8738483908046,952
67.7020988505747,60.6420173563219,953
66.1313967816092,67.7020988505747,954
87.3850855172414,66.1313967816092,955
110.394083333333,87.3850855172414,956
111.529573563218,110.394083333333,957
133.227097126437,111.529573563218,958
112.270447241379,133.227097126437,959
329.595638390805,112.270447241379,960
2386.74289586207,329.595638390805,961
1552.88247747126,2386.74289586207,962
586.866379195402,1552.88247747126,963
2045.1986883908,586.866379195402,964
912.978449425287,2045.1986883908,965
1957.40166724138,912.978449425287,966
319.379565862069,1957.40166724138,967
166.205911264368,319.379565862069,968
160.240928390805,166.205911264368,969
138.375622528736,160.240928390805,970
259.340064022989,138.375622528736,971
203.743372873563,259.340064022989,972
163.330398390805,203.743372873563,973
213.173454022989,163.330398390805,974
179.38500908046,213.173454022989,975
127.609266206897,179.38500908046,976
112.135295057471,127.609266206897,977
98.7896385057472,112.135295057471,978
89.547591954023,98.7896385057472,979
85.7374495402299,89.547591954023,980
93.8804704597701,85.7374495402299,981
160.361116206897,93.8804704597701,982
497.766511724138,160.361116206897,983
1536.29029494253,497.766511724138,984
524.666577931034,1536.29029494253,985
461.983796321839,524.666577931034,986
167.641665517241,461.983796321839,987
122.398158390805,167.641665517241,988
62.4388552873563,122.398158390805,989
71.4494890804598,62.4388552873563,990
71.4490255172414,71.4494890804598,991
85.598166091954,71.4490255172414,992
102.830541724138,85.598166091954,993
119.114713678161,102.830541724138,994
65.9173086206897,119.114713678161,995
42.6346072413793,65.9173086206897,996
73.7473767816092,42.6346072413793,997
84.5979029885058,73.7473767816092,998
91.959459770115,84.5979029885058,999
73.3929695402299,91.959459770115,1000
89.7381590804598,73.3929695402299,1001
72.6009302298851,89.7381590804598,1002
76.2810779310345,72.6009302298851,1003
90.4446090804598,76.2810779310345,1004
131.210896206897,90.4446090804598,1005
284.278509195402,131.210896206897,1006
359.929869310345,284.278509195402,1007
579.272981149425,359.929869310345,1008
762.652843563218,579.272981149425,1009
305.836236781609,762.652843563218,1010
139.470246896552,305.836236781609,1011
115.346966436782,139.470246896552,1012
131.119805747126,115.346966436782,1013
211.601577586207,131.119805747126,1014
106.565018965517,211.601577586207,1015
62.5136096551724,106.565018965517,1016
51.7705267816092,62.5136096551724,1017
46.5805318390805,51.7705267816092,1018
62.728853908046,46.5805318390805,1019
100.651114482759,62.728853908046,1020
177.838063103448,100.651114482759,1021
268.098800114943,177.838063103448,1022
625.241045057471,268.098800114943,1023
1098.4461391954,625.241045057471,1024
407.307414827586,1098.4461391954,1025
124.498445057471,407.307414827586,1026
118.194380689655,124.498445057471,1027
133.911434367816,118.194380689655,1028
140.31399862069,133.911434367816,1029
87.2716040229885,140.31399862069,1030
52.5092254022989,87.2716040229885,1031
41.863831954023,52.5092254022989,1032
75.8550936781609,41.863831954023,1033
59.6309182758621,75.8550936781609,1034
91.3867273563218,59.6309182758621,1035
83.565209770115,91.3867273563218,1036
65.4824642528736,83.565209770115,1037
62.6023587356322,65.4824642528736,1038
62.3241445977012,62.6023587356322,1039
102.192990574713,62.3241445977012,1040
158.95588908046,102.192990574713,1041
112.473591034483,158.95588908046,1042
180.889356896552,112.473591034483,1043
186.853772068966,180.889356896552,1044
71.8693945977012,186.853772068966,1045
58.0085091954023,71.8693945977012,1046
95.9057754022989,58.0085091954023,1047
112.480907931035,95.9057754022989,1048
122.372905747126,112.480907931035,1049
99.4952973563219,122.372905747126,1050
104.788319195402,99.4952973563219,1051
109.767775287356,104.788319195402,1052
69.6840041379311,109.767775287356,1053
113.483891609195,69.6840041379311,1054
159.163878965517,113.483891609195,1055
95.0457301149426,159.163878965517,1056
93.6793837931034,95.0457301149426,1057
95.7098174712644,93.6793837931034,1058
90.4274110344828,95.7098174712644,1059
72.0992772413793,90.4274110344828,1060
96.7280208045977,72.0992772413793,1061
50.799911954023,96.7280208045977,1062
86.9694583908046,50.799911954023,1063
66.7133874712644,86.9694583908046,1064
35.5910649425288,66.7133874712644,1065
58.7386342528736,35.5910649425288,1066
67.1889993103449,58.7386342528736,1067
98.0476773563218,67.1889993103449,1068
80.4460693103448,98.0476773563218,1069
102.977597471264,80.4460693103448,1070
97.270419770115,102.977597471264,1071
103.482865747126,97.270419770115,1072
105.267635977012,103.482865747126,1073
103.472257471264,105.267635977012,1074
98.1834375862069,103.472257471264,1075
103.192944942529,98.1834375862069,1076
107.61121816092,103.192944942529,1077
103.208347011494,107.61121816092,1078
100.214288505747,103.208347011494,1079
67.2782143678161,100.214288505747,1080
99.5207636781609,67.2782143678161,1081
99.760977816092,99.5207636781609,1082
111.073501494253,99.760977816092,1083
129.949716781609,111.073501494253,1084
117.885601264368,129.949716781609,1085
98.0823951724138,117.885601264368,1086
109.908630689655,98.0823951724138,1087
122.470807356322,109.908630689655,1088
133.115555517241,122.470807356322,1089
106.225397701149,133.115555517241,1090
86.0406003448276,106.225397701149,1091
81.2071017241379,86.0406003448276,1092
66.868176091954,81.2071017241379,1093
99.9083226436782,66.868176091954,1094
156.915602988506,99.9083226436782,1095
103.807606551724,156.915602988506,1096
84.6035952873564,103.807606551724,1097
109.948982183908,84.6035952873564,1098
76.6387325287356,109.948982183908,1099
103.888064942529,76.6387325287356,1100
123.63964,103.888064942529,1101
113.084465057471,123.63964,1102
119.447153563218,113.084465057471,1103
91.0159365517241,119.447153563218,1104
110.520096551724,91.0159365517241,1105
80.6191743678161,110.520096551724,1106
75.3687559770115,80.6191743678161,1107
53.0890903448276,75.3687559770115,1108
85.3307348275862,53.0890903448276,1109
101.809886551724,85.3307348275862,1110
82.3940144827586,101.809886551724,1111
83.0544809195403,82.3940144827586,1112
91.3118509195402,83.0544809195403,1113
85.5237626436782,91.3118509195402,1114
63.4970537931035,85.5237626436782,1115
87.8613956321839,63.4970537931035,1116
141.546717356322,87.8613956321839,1117
79.3740973563218,141.546717356322,1118
61.8452167816092,79.3740973563218,1119
56.697896091954,61.8452167816092,1120
67.1382364367816,56.697896091954,1121
40.7731906896552,67.1382364367816,1122
57.6105908045977,40.7731906896552,1123
117.627630574713,57.6105908045977,1124
67.6057996551724,117.627630574713,1125
98.9791121839081,67.6057996551724,1126
67.8473034482759,98.9791121839081,1127
63.8505701149425,67.8473034482759,1128
50.7819517241379,63.8505701149425,1129
125.538346206897,50.7819517241379,1130
96.2854409195402,125.538346206897,1131
72.100943908046,96.2854409195402,1132
72.7447551724138,72.100943908046,1133
78.7163085057471,72.7447551724138,1134
106.624487011494,78.7163085057471,1135
99.8014175862069,106.624487011494,1136
138.114537931034,99.8014175862069,1137
147.71103862069,138.114537931034,1138
74.0941340229885,147.71103862069,1139
76.9906721839081,74.0941340229885,1140
89.9828311494253,76.9906721839081,1141
88.5828109195403,89.9828311494253,1142
226.948151724138,88.5828109195403,1143
518.000528045977,226.948151724138,1144
677.52934,518.000528045977,1145
1222.74571252874,677.52934,1146
2006.0874062069,1222.74571252874,1147
3373.04217942529,2006.0874062069,1148
876.430275747127,3373.04217942529,1149
230.470021034483,876.430275747127,1150
215.666508045977,230.470021034483,1151
220.998828850575,215.666508045977,1152
189.567940689655,220.998828850575,1153
175.709186781609,189.567940689655,1154
148.040309425287,175.709186781609,1155
155.449423793103,148.040309425287,1156
157.952781149425,155.449423793103,1157
183.445335977012,157.952781149425,1158
191.846309770115,183.445335977012,1159
136.41902954023,191.846309770115,1160
137.661512413793,136.41902954023,1161
75.6695036781609,137.661512413793,1162
165.111350574713,75.6695036781609,1163
113.77489091954,165.111350574713,1164
157.274478505747,113.77489091954,1165
99.1396708045977,157.274478505747,1166
125.757193678161,99.1396708045977,1167
95.6077281609195,125.757193678161,1168
73.5953337931035,95.6077281609195,1169
74.1632405747127,73.5953337931035,1170
78.0327177011494,74.1632405747127,1171
165.987445172414,78.0327177011494,1172
116.213572528736,165.987445172414,1173
103.768101264368,116.213572528736,1174
162.489261724138,103.768101264368,1175
111.316299655172,162.489261724138,1176
95.0641191954023,111.316299655172,1177
75.0456267816092,95.0641191954023,1178
153.802290689655,75.0456267816092,1179
180.757265172414,153.802290689655,1180
135.461872758621,180.757265172414,1181
167.346192528736,135.461872758621,1182
113.511014137931,167.346192528736,1183
63.5674421839081,113.511014137931,1184
142.019466091954,63.5674421839081,1185
165.448614137931,142.019466091954,1186
198.218744022989,165.448614137931,1187
140.747752988506,198.218744022989,1188
186.748274482759,140.747752988506,1189
184.783650574713,186.748274482759,1190
140.133967126437,184.783650574713,1191
95.43266,140.133967126437,1192
159.769690229885,95.43266,1193
162.704863563218,159.769690229885,1194
116.569855747126,162.704863563218,1195
113.866769885057,116.569855747126,1196
84.9517348275862,113.866769885057,1197
111.695219425287,84.9517348275862,1198
99.8550594252874,111.695219425287,1199
136.206503563218,99.8550594252874,1200
132.63903862069,136.206503563218,1201
119.85299954023,132.63903862069,1202
135.566489770115,119.85299954023,1203
121.797494137931,135.566489770115,1204
128.207607931035,121.797494137931,1205
117.518176896552,128.207607931035,1206
135.943584827586,117.518176896552,1207
156.620733793103,135.943584827586,1208
106.619694942529,156.620733793103,1209
102.217089310345,106.619694942529,1210
90.9411926436782,102.217089310345,1211
99.029736091954,90.9411926436782,1212
78.2240663218391,99.029736091954,1213
67.1827072413793,78.2240663218391,1214
43.4536603448276,67.1827072413793,1215
81.5947066666667,43.4536603448276,1216
106.236964482759,81.5947066666667,1217
64.0540332183908,106.236964482759,1218
95.1937079310345,64.0540332183908,1219
67.8210405747127,95.1937079310345,1220
78.2437365517242,67.8210405747127,1221
101.15142091954,78.2437365517242,1222
93.8883722988506,101.15142091954,1223
140.727945517241,93.8883722988506,1224
162.324356321839,140.727945517241,1225
111.446135402299,162.324356321839,1226
104.537701724138,111.446135402299,1227
169.920119770115,104.537701724138,1228
193.998597816092,169.920119770115,1229
121.991692183908,193.998597816092,1230
132.902527126437,121.991692183908,1231
117.70015816092,132.902527126437,1232
69.1080027586207,117.70015816092,1233
59.5132928735632,69.1080027586207,1234
82.847518045977,59.5132928735632,1235
44.8616912643678,82.847518045977,1236
59.5424464367816,44.8616912643678,1237
66.1120322988506,59.5424464367816,1238
55.423171954023,66.1120322988506,1239
60.4059452873563,55.423171954023,1240
68.7888474712644,60.4059452873563,1241
124.846229310345,68.7888474712644,1242
126.568960804598,124.846229310345,1243
71.792537816092,126.568960804598,1244
73.9724725287356,71.792537816092,1245
71.1104705747127,73.9724725287356,1246
79.4546442528736,71.1104705747127,1247
82.0436302298851,79.4546442528736,1248
140.22241183908,82.0436302298851,1249
190.97823908046,140.22241183908,1250
223.948255747126,190.97823908046,1251
361.610653333333,223.948255747126,1252
262.27034954023,361.610653333333,1253
148.82773862069,262.27034954023,1254
125.587704022989,148.82773862069,1255
169.790015057471,125.587704022989,1256
190.812755977012,169.790015057471,1257
75.2111175862069,190.812755977012,1258
114.027499195402,75.2111175862069,1259
68.8583272413793,114.027499195402,1260
97.1724871264368,68.8583272413793,1261
100.571864022989,97.1724871264368,1262
131.654932528736,100.571864022989,1263
187.018119195402,131.654932528736,1264
223.85495183908,187.018119195402,1265
385.756825287356,223.85495183908,1266
561.876356666667,385.756825287356,1267
1042.92043356322,561.876356666667,1268
366.044846666667,1042.92043356322,1269
170.257246896552,366.044846666667,1270
156.039681494253,170.257246896552,1271
190.328067241379,156.039681494253,1272
106.932382643678,190.328067241379,1273
98.5685844827587,106.932382643678,1274
91.800234137931,98.5685844827587,1275
105.101426666667,91.800234137931,1276
197.066555287356,105.101426666667,1277
240.717913563218,197.066555287356,1278
337.95260862069,240.717913563218,1279
300.366259195402,337.95260862069,1280
126.704292758621,300.366259195402,1281
125.710938390805,126.704292758621,1282
114.295958045977,125.710938390805,1283
87.5506709195402,114.295958045977,1284
107.45157137931,87.5506709195402,1285
129.345463333333,107.45157137931,1286
139.786215402299,129.345463333333,1287
137.689202068966,139.786215402299,1288
266.364161724138,137.689202068966,1289
514.83102091954,266.364161724138,1290
344.593758505747,514.83102091954,1291
524.72292091954,344.593758505747,1292
863.620021034483,524.72292091954,1293
526.625339195402,863.620021034483,1294
226.306203333333,526.625339195402,1295
138.773233448276,226.306203333333,1296
160.002981609195,138.773233448276,1297
156.343704827586,160.002981609195,1298
159.285448505747,156.343704827586,1299
473.810973333333,159.285448505747,1300
249.461485287356,473.810973333333,1301
207.512103678161,249.461485287356,1302
186.077811954023,207.512103678161,1303
187.225521494253,186.077811954023,1304
145.723593218391,187.225521494253,1305
138.119728735632,145.723593218391,1306
145.64770045977,138.119728735632,1307
281.674177126437,145.64770045977,1308
514.209446896552,281.674177126437,1309
748.571944712644,514.209446896552,1310
621.326474827586,748.571944712644,1311
227.218352988506,621.326474827586,1312
166.422013908046,227.218352988506,1313
228.146414827586,166.422013908046,1314
356.355593908046,228.146414827586,1315
347.436837356322,356.355593908046,1316
175.49029045977,347.436837356322,1317
159.44476816092,175.49029045977,1318
114.56589862069,159.44476816092,1319
121.197094482759,114.56589862069,1320
145.114144712644,121.197094482759,1321
235.597617126437,145.114144712644,1322
417.222755862069,235.597617126437,1323
315.983372298851,417.222755862069,1324
215.888214827586,315.983372298851,1325
131.917961724138,215.888214827586,1326
152.706207586207,131.917961724138,1327
166.811853908046,152.706207586207,1328
107.830523678161,166.811853908046,1329
60.2205205747127,107.830523678161,1330
63.6834608045977,60.2205205747127,1331
65.104688045977,63.6834608045977,1332
64.2885125287356,65.104688045977,1333
94.2239874712644,64.2885125287356,1334
66.7987651724138,94.2239874712644,1335
71.0639324137931,66.7987651724138,1336
67.3465622988506,71.0639324137931,1337
123.200049195402,67.3465622988506,1338
199.244557011494,123.200049195402,1339
219.395946896552,199.244557011494,1340
206.425547701149,219.395946896552,1341
180.39269816092,206.425547701149,1342
83.997323908046,180.39269816092,1343
81.5644273563219,83.997323908046,1344
76.3045333333334,81.5644273563219,1345
96.342025862069,76.3045333333334,1346
170.430367701149,96.342025862069,1347
191.508481609195,170.430367701149,1348
212.203544137931,191.508481609195,1349
262.513649770115,212.203544137931,1350
463.033846551724,262.513649770115,1351
788.249914942529,463.033846551724,1352
206.062555632184,788.249914942529,1353
153.078866896552,206.062555632184,1354
162.20793,153.078866896552,1355
202.059036436782,162.20793,1356
157.906910114943,202.059036436782,1357
114.346554022989,157.906910114943,1358
110.283977931035,114.346554022989,1359
104.789695747126,110.283977931035,1360
144.208527701149,104.789695747126,1361
157.237285632184,144.208527701149,1362
199.125251034483,157.237285632184,1363
292.114146206897,199.125251034483,1364
164.40306908046,292.114146206897,1365
164.326042873563,164.40306908046,1366
104.321662298851,164.326042873563,1367
71.9566833333334,104.321662298851,1368
58.8960370114943,71.9566833333334,1369
86.4444920689656,58.8960370114943,1370
134.286608965517,86.4444920689656,1371
91.582751954023,134.286608965517,1372
153.437202873563,91.582751954023,1373
116.550612873563,153.437202873563,1374
122.909663563218,116.550612873563,1375
163.382630574713,122.909663563218,1376
160.238089425287,163.382630574713,1377
51.4960281609196,160.238089425287,1378
61.1687241379311,51.4960281609196,1379
78.8057855172414,61.1687241379311,1380
51.311323908046,78.8057855172414,1381
39.5065928735632,51.311323908046,1382
53.8266426436782,39.5065928735632,1383
60.5092902298851,53.8266426436782,1384
79.5739917241379,60.5092902298851,1385
58.6299887356322,79.5739917241379,1386
88.9113209195403,58.6299887356322,1387
114.270188965517,88.9113209195403,1388
90.4204909195403,114.270188965517,1389
52.0186851724138,90.4204909195403,1390
100.288037126437,52.0186851724138,1391
92.2850436781609,100.288037126437,1392
96.0594944827586,92.2850436781609,1393
112.799933333333,96.0594944827586,1394
60.1672914942529,112.799933333333,1395
36.046507816092,60.1672914942529,1396
54.8055741379311,36.046507816092,1397
68.8856128735632,54.8055741379311,1398
83.6560168965517,68.8856128735632,1399
121.448632988506,83.6560168965517,1400
194.861395402299,121.448632988506,1401
160.276014597701,194.861395402299,1402
93.9316787356322,160.276014597701,1403
101.884095057471,93.9316787356322,1404
131.46421,101.884095057471,1405
165.008559770115,131.46421,1406
181.225139655172,165.008559770115,1407
122.928455402299,181.225139655172,1408
164.803514137931,122.928455402299,1409
131.658055517241,164.803514137931,1410
137.193355862069,131.658055517241,1411
152.342458850575,137.193355862069,1412
138.71839954023,152.342458850575,1413
152.934522298851,138.71839954023,1414
157.398455402299,152.934522298851,1415
106.906284252874,157.398455402299,1416
111.746692413793,106.906284252874,1417
142.754816896552,111.746692413793,1418
124.077832183908,142.754816896552,1419
95.1049627586207,124.077832183908,1420
105.484209195402,95.1049627586207,1421
94.3144263218391,105.484209195402,1422
81.0758129885058,94.3144263218391,1423
100.921402528736,81.0758129885058,1424
133.274105747126,100.921402528736,1425
128.116968965517,133.274105747126,1426
80.7449871264368,128.116968965517,1427
109.088500114943,80.7449871264368,1428
88.9063485057471,109.088500114943,1429
98.9552573563218,88.9063485057471,1430
108.038886206897,98.9552573563218,1431
133.175981724138,108.038886206897,1432
118.143719885057,133.175981724138,1433
121.152842988506,118.143719885057,1434
131.041666666667,121.152842988506,1435
122.703765862069,131.041666666667,1436
123.612258850575,122.703765862069,1437
102.535745402299,123.612258850575,1438
104.507251954023,102.535745402299,1439
110.140282413793,104.507251954023,1440
127.903929425287,110.140282413793,1441
104.188930689655,127.903929425287,1442
87.2226716091954,104.188930689655,1443
132.650221954023,87.2226716091954,1444
146.181442528736,132.650221954023,1445
132.084276896552,146.181442528736,1446
172.238734252874,132.084276896552,1447
132.503409770115,172.238734252874,1448
135.845756321839,132.503409770115,1449
114.261908390805,135.845756321839,1450
145.020854482759,114.261908390805,1451
142.629278045977,145.020854482759,1452
138.484345402299,142.629278045977,1453
138.097987816092,138.484345402299,1454
112.689729885057,138.097987816092,1455
90.6068603448276,112.689729885057,1456
62.5930637931035,90.6068603448276,1457
72.0210414942529,62.5930637931035,1458
63.7793664367817,72.0210414942529,1459
190.839935862069,63.7793664367817,1460
118.894470114943,190.839935862069,1461
127.981574942529,118.894470114943,1462
129.221807586207,127.981574942529,1463
79.9645909195403,129.221807586207,1464
96.0309781609195,79.9645909195403,1465
204.498802183908,96.0309781609195,1466
198.738029885057,204.498802183908,1467
157.178270344828,198.738029885057,1468
119.656330804598,157.178270344828,1469
123.347854827586,119.656330804598,1470
88.8817021839081,123.347854827586,1471
61.9729285057471,88.8817021839081,1472
135.502509770115,61.9729285057471,1473
104.509350114943,135.502509770115,1474
112.881285517241,104.509350114943,1475
118.69555045977,112.881285517241,1476
104.402164942529,118.69555045977,1477
78.381591954023,104.402164942529,1478
79.8843324137931,78.381591954023,1479
64.4369667816092,79.8843324137931,1480
128.796023218391,64.4369667816092,1481
68.1957993103448,128.796023218391,1482
105.935484597701,68.1957993103448,1483
128.543665287356,105.935484597701,1484
155.889464482759,128.543665287356,1485
139.139212528736,155.889464482759,1486
199.967964137931,139.139212528736,1487
208.581160344828,199.967964137931,1488
154.150100689655,208.581160344828,1489
139.072119425287,154.150100689655,1490
128.300838390805,139.072119425287,1491
157.868987701149,128.300838390805,1492
116.950764022989,157.868987701149,1493
89.7159465517242,116.950764022989,1494
232.080136551724,89.7159465517242,1495
99.2666334482759,232.080136551724,1496
131.830526091954,99.2666334482759,1497
205.497750344828,131.830526091954,1498
229.933016896552,205.497750344828,1499
195.546481149425,229.933016896552,1500
229.632615862069,195.546481149425,1501
254.929751954023,229.632615862069,1502
193.992563103448,254.929751954023,1503
150.955241149425,193.992563103448,1504
123.53113908046,150.955241149425,1505
125.619141724138,123.53113908046,1506
132.701482988506,125.619141724138,1507
167.846384827586,132.701482988506,1508
200.400077241379,167.846384827586,1509
109.760576321839,200.400077241379,1510
152.87133954023,109.760576321839,1511
172.753317931034,152.87133954023,1512
178.669050229885,172.753317931034,1513
116.464246436782,178.669050229885,1514
191.318777241379,116.464246436782,1515
142.132419425287,191.318777241379,1516
160.514824597701,142.132419425287,1517
132.852782758621,160.514824597701,1518
173.883559770115,132.852782758621,1519
182.005901264368,173.883559770115,1520
164.447591494253,182.005901264368,1521
153.436956091954,164.447591494253,1522
186.663074597701,153.436956091954,1523
136.480934942529,186.663074597701,1524
144.220501954023,136.480934942529,1525
174.977700689655,144.220501954023,1526
108.567287126437,174.977700689655,1527
81.2973435632184,108.567287126437,1528
237.953071609195,81.2973435632184,1529
246.956510689655,237.953071609195,1530
236.760285287356,246.956510689655,1531
200.897046781609,236.760285287356,1532
204.462997011494,200.897046781609,1533
218.022020804598,204.462997011494,1534
212.44834816092,218.022020804598,1535
199.884444942529,212.44834816092,1536
215.482189310345,199.884444942529,1537
231.273601264368,215.482189310345,1538
169.074708045977,231.273601264368,1539
154.117946781609,169.074708045977,1540
102.406556781609,154.117946781609,1541
164.311142413793,102.406556781609,1542
117.728008390805,164.311142413793,1543
297.376717011494,117.728008390805,1544
172.629870344828,297.376717011494,1545
201.190442988506,172.629870344828,1546
170.485128965517,201.190442988506,1547
125.056166436782,170.485128965517,1548
160.274947931035,125.056166436782,1549
203.21546954023,160.274947931035,1550
276.775734942529,203.21546954023,1551
98.3456745977012,276.775734942529,1552
229.074049770115,98.3456745977012,1553
253.243911149425,229.074049770115,1554
196.369209885057,253.243911149425,1555
231.682730344828,196.369209885057,1556
262.536063333333,231.682730344828,1557
241.165323793103,262.536063333333,1558
217.135391034483,241.165323793103,1559
227.817792413793,217.135391034483,1560
270.939954712644,227.817792413793,1561
383.059216206897,270.939954712644,1562
170.45767137931,383.059216206897,1563
206.387026551724,170.45767137931,1564
207.367113563218,206.387026551724,1565
127.953605402299,207.367113563218,1566
161.592805402299,127.953605402299,1567
176.380791149425,161.592805402299,1568
192.190012643678,176.380791149425,1569
217.674431609195,192.190012643678,1570
243.825503793103,217.674431609195,1571
329.048103218391,243.825503793103,1572
233.748703218391,329.048103218391,1573
194.399349655172,233.748703218391,1574
243.83978183908,194.399349655172,1575
166.973787356322,243.83978183908,1576
148.338470114943,166.973787356322,1577
328.431369770115,148.338470114943,1578
384.337111149425,328.431369770115,1579
222.726547356322,384.337111149425,1580
171.607719310345,222.726547356322,1581
160.054965977012,171.607719310345,1582
188.67632,160.054965977012,1583
186.194470804598,188.67632,1584
300.177602528736,186.194470804598,1585
303.499006091954,300.177602528736,1586
142.44774091954,303.499006091954,1587
161.227374942529,142.44774091954,1588
192.54784137931,161.227374942529,1589
170.807353563218,192.54784137931,1590
138.939218045977,170.807353563218,1591
346.919385632184,138.939218045977,1592
344.804843333333,346.919385632184,1593
193.268108850575,344.804843333333,1594
198.528877011494,193.268108850575,1595
256.572881494253,198.528877011494,1596
202.163334597701,256.572881494253,1597
146.685456781609,202.163334597701,1598
231.099713448276,146.685456781609,1599
268.809350114943,231.099713448276,1600
190.494264712644,268.809350114943,1601
154.003073793104,190.494264712644,1602
181.43579183908,154.003073793104,1603
189.583485402299,181.43579183908,1604
260.495701839081,189.583485402299,1605
320.872955977012,260.495701839081,1606
339.374924482759,320.872955977012,1607
156.125611034483,339.374924482759,1608
298.951956896552,156.125611034483,1609
325.237563563218,298.951956896552,1610
152.13804045977,325.237563563218,1611
93.6807871264368,152.13804045977,1612
359.261420344828,93.6807871264368,1613
342.907410804598,359.261420344828,1614
348.278412873563,342.907410804598,1615
222.907774482759,348.278412873563,1616
168.818160114943,222.907774482759,1617
107.135995402299,168.818160114943,1618
156.952674827586,107.135995402299,1619
272.687951839081,156.952674827586,1620
371.83459,272.687951839081,1621
147.417339655172,371.83459,1622
180.885158045977,147.417339655172,1623
154.534612758621,180.885158045977,1624
216.031788735632,154.534612758621,1625
415.289950344828,216.031788735632,1626
190.727004367816,415.289950344828,1627
332.530336551724,190.727004367816,1628
99.5972977011495,332.530336551724,1629
158.052508045977,99.5972977011495,1630
194.534146436782,158.052508045977,1631
182.838436551724,194.534146436782,1632
187.135876321839,182.838436551724,1633
342.92209,187.135876321839,1634
343.737931839081,342.92209,1635
297.754294942529,343.737931839081,1636
562.485095632184,297.754294942529,1637
259.180805747126,562.485095632184,1638
404.052747126437,259.180805747126,1639
218.878261149425,404.052747126437,1640
262.12319137931,218.878261149425,1641
240.371562988506,262.12319137931,1642
252.007015517241,240.371562988506,1643
199.43535,252.007015517241,1644
124.841694367816,199.43535,1645
86.3293566666667,124.841694367816,1646
89.1645675862069,86.3293566666667,1647
155.657077701149,89.1645675862069,1648
243.521678390805,155.657077701149,1649
226.392993103448,243.521678390805,1650
96.4830063218391,226.392993103448,1651
85.1377371264368,96.4830063218391,1652
102.622215402299,85.1377371264368,1653
112.576365747126,102.622215402299,1654
150.975621264368,112.576365747126,1655
203.724831264368,150.975621264368,1656
294.965061034483,203.724831264368,1657
176.526427241379,294.965061034483,1658
148.964828390805,176.526427241379,1659
133.610326551724,148.964828390805,1660
158.923736551724,133.610326551724,1661
200.552638735632,158.923736551724,1662
166.555069310345,200.552638735632,1663
192.105893793103,166.555069310345,1664
218.640894137931,192.105893793103,1665
229.284428735632,218.640894137931,1666
193.055984712644,229.284428735632,1667
163.049204712644,193.055984712644,1668
150.370176206897,163.049204712644,1669
156.11406954023,150.370176206897,1670
208.614099885057,156.11406954023,1671
192.991285402299,208.614099885057,1672
210.472232643678,192.991285402299,1673
228.566249425287,210.472232643678,1674
225.144681034483,228.566249425287,1675
177.859775402299,225.144681034483,1676
148.277340229885,177.859775402299,1677
175.337385747126,148.277340229885,1678
131.783178965517,175.337385747126,1679
123.046116436782,131.783178965517,1680
194.661556321839,123.046116436782,1681
169.427247241379,194.661556321839,1682
136.595544482759,169.427247241379,1683
171.362354827586,136.595544482759,1684
224.155758505747,171.362354827586,1685
184.30894,224.155758505747,1686
136.566032413793,184.30894,1687
169.678905632184,136.566032413793,1688
126.31737954023,169.678905632184,1689
136.375211954023,126.31737954023,1690
205.005444827586,136.375211954023,1691
341.023688275862,205.005444827586,1692
597.887659655173,341.023688275862,1693
580.113501609195,597.887659655173,1694
397.607063793104,580.113501609195,1695
199.054223908046,397.607063793104,1696
150.913505632184,199.054223908046,1697
160.809786206897,150.913505632184,1698
142.43452091954,160.809786206897,1699
201.202090229885,142.43452091954,1700
215.192881954023,201.202090229885,1701
225.580307701149,215.192881954023,1702
149.460830114943,225.580307701149,1703
178.163273678161,149.460830114943,1704
162.251325747126,178.163273678161,1705
220.143971494253,162.251325747126,1706
443.993797126437,220.143971494253,1707
